"","YEAR","COUNTRY_NAME","REFUSAL_CHARGES","REFUSAL_COUNT","DESCRIPTION"
"1",2002,"Argentina","LISTERIA",4,"OTHER"
"2",2002,"Aruba","FILTHY",1,"FILTHY"
"3",2002,"Bangladesh","FILTHY",14,"FILTHY"
"4",2002,"Bangladesh","SALMONELLA",16,"SALMONELLA"
"5",2002,"Brazil","FILTHY",5,"FILTHY"
"6",2002,"Brazil","SALMONELLA",1,"SALMONELLA"
"7",2002,"Brazil","SULFITELBL",1,"OTHER"
"8",2002,"Canada","FILTHY",1,"FILTHY"
"9",2002,"Canada","SALMONELLA",6,"SALMONELLA"
"10",2002,"Chile","LISTERIA",1,"OTHER"
"11",2002,"China","FILTHY",9,"FILTHY"
"12",2002,"China","INSANITARY",1,"OTHER"
"13",2002,"China","NO ENGLISH",1,"OTHER"
"14",2002,"China","SALMONELLA",7,"SALMONELLA"
"15",2002,"China","VETDRUGRES",1,"VET. DRUGS"
"16",2002,"Colombia","SALMONELLA",1,"SALMONELLA"
"17",2002,"Ecuador","NEEDS FCE",1,"OTHER"
"18",2002,"Ecuador","NO PROCESS",1,"OTHER"
"19",2002,"Ecuador","SALMONELLA",3,"SALMONELLA"
"20",2002,"Ghana","FILTHY",1,"FILTHY"
"21",2002,"Ghana","INCONSPICU",2,"OTHER"
"22",2002,"Ghana","INSANITARY",1,"OTHER"
"23",2002,"Ghana","LACKS FIRM",1,"OTHER"
"24",2002,"Ghana","NUTRIT LBL",2,"OTHER"
"25",2002,"Ghana","OFF ODOR",1,"OTHER"
"26",2002,"Guyana","FILTHY",1,"FILTHY"
"27",2002,"Hong Kong","NEEDS FCE",1,"OTHER"
"28",2002,"Hong Kong","NO PROCESS",1,"OTHER"
"29",2002,"India","FILTHY",73,"FILTHY"
"30",2002,"India","INSANITARY",13,"OTHER"
"31",2002,"India","LACKS FIRM",1,"OTHER"
"32",2002,"India","LACKS N/C",1,"OTHER"
"33",2002,"India","LIST INGRE",2,"OTHER"
"34",2002,"India","NEEDS FCE",2,"OTHER"
"35",2002,"India","NO ENGLISH",1,"OTHER"
"36",2002,"India","NUTRIT LBL",2,"OTHER"
"37",2002,"India","SALMONELLA",65,"SALMONELLA"
"38",2002,"India","USUAL NAME",1,"OTHER"
"39",2002,"Indonesia","FILTHY",55,"FILTHY"
"40",2002,"Indonesia","INSANITARY",1,"OTHER"
"41",2002,"Indonesia","SALMONELLA",32,"SALMONELLA"
"42",2002,"Japan","LIST INGRE",1,"OTHER"
"43",2002,"Japan","USUAL NAME",1,"OTHER"
"44",2002,"Mexico","FILTHY",3,"FILTHY"
"45",2002,"Mexico","INCONSPICU",1,"OTHER"
"46",2002,"Mexico","LABELING",1,"OTHER"
"47",2002,"Mexico","SALMONELLA",3,"SALMONELLA"
"48",2002,"Myanmar","FILTHY",6,"FILTHY"
"49",2002,"Myanmar","SALMONELLA",2,"SALMONELLA"
"50",2002,"Pakistan","FILTHY",1,"FILTHY"
"51",2002,"Panama","LACKS N/C",1,"OTHER"
"52",2002,"Panama","LIST INGRE",1,"OTHER"
"53",2002,"Panama","NO ENGLISH",1,"OTHER"
"54",2002,"Panama","STD IDENT",1,"OTHER"
"55",2002,"Philippines","FILTHY",3,"FILTHY"
"56",2002,"Philippines","INSANITARY",3,"OTHER"
"57",2002,"Philippines","SALMONELLA",1,"SALMONELLA"
"58",2002,"South Korea","FOREIGN OB",1,"OTHER"
"59",2002,"South Korea","INSANITARY",1,"OTHER"
"60",2002,"Sri Lanka","LACKS N/C",1,"OTHER"
"61",2002,"Sri Lanka","LIST INGRE",1,"OTHER"
"62",2002,"Sri Lanka","NUTRIT LBL",1,"OTHER"
"63",2002,"Suriname","UNSAFE COL",1,"OTHER"
"64",2002,"Taiwan","SULFITELBL",1,"OTHER"
"65",2002,"Thailand","FILTHY",18,"FILTHY"
"66",2002,"Thailand","INSANITARY",1,"OTHER"
"67",2002,"Thailand","NO PROCESS",1,"OTHER"
"68",2002,"Thailand","SALMONELLA",8,"SALMONELLA"
"69",2002,"United Arab Emirates","FILTHY",1,"FILTHY"
"70",2002,"United States of America","NEEDS FCE",3,"OTHER"
"71",2002,"Venezuela","SALMONELLA",4,"SALMONELLA"
"72",2002,"Vietnam","FILTHY",12,"FILTHY"
"73",2002,"Vietnam","LACKS N/C",1,"OTHER"
"74",2002,"Vietnam","LIST INGRE",1,"OTHER"
"75",2002,"Vietnam","LISTERIA",1,"OTHER"
"76",2002,"Vietnam","NO PROCESS",1,"OTHER"
"77",2002,"Vietnam","SALMONELLA",58,"SALMONELLA"
"78",2002,"Vietnam","VETDRUGRES",6,"VET. DRUGS"
"79",2003,"Bangladesh","FILTHY",11,"FILTHY"
"80",2003,"Bangladesh","POISONOUS",1,"OTHER"
"81",2003,"Bangladesh","SALMONELLA",5,"SALMONELLA"
"82",2003,"Brazil","FILTHY",4,"FILTHY"
"83",2003,"Brazil","SALMONELLA",21,"SALMONELLA"
"84",2003,"Canada","FILTHY",4,"FILTHY"
"85",2003,"Canada","INSANITARY",1,"OTHER"
"86",2003,"Canada","LACKS FIRM",1,"OTHER"
"87",2003,"China","FILTHY",11,"FILTHY"
"88",2003,"China","LACKS FIRM",6,"OTHER"
"89",2003,"China","NUTRIT LBL",5,"OTHER"
"90",2003,"China","SALMONELLA",20,"SALMONELLA"
"91",2003,"China","VETDRUGRES",19,"VET. DRUGS"
"92",2003,"Colombia","SALMONELLA",1,"SALMONELLA"
"93",2003,"Ecuador","MFRHACCP",3,"OTHER"
"94",2003,"Guyana","FILTHY",2,"FILTHY"
"95",2003,"Guyana","LACKS FIRM",2,"OTHER"
"96",2003,"Guyana","SALMONELLA",1,"SALMONELLA"
"97",2003,"Guyana","USUAL NAME",1,"OTHER"
"98",2003,"Honduras","SALMONELLA",15,"SALMONELLA"
"99",2003,"India","BACTERIA",1,"OTHER"
"100",2003,"India","FILTHY",82,"FILTHY"
"101",2003,"India","INSANITARY",2,"OTHER"
"102",2003,"India","LACKS FIRM",2,"OTHER"
"103",2003,"India","LACKS N/C",1,"OTHER"
"104",2003,"India","NO ENGLISH",3,"OTHER"
"105",2003,"India","NUTRIT LBL",1,"OTHER"
"106",2003,"India","SALMONELLA",84,"SALMONELLA"
"107",2003,"Indonesia","FILTHY",30,"FILTHY"
"108",2003,"Indonesia","INSANITARY",2,"OTHER"
"109",2003,"Indonesia","NO ENGLISH",1,"OTHER"
"110",2003,"Indonesia","NUTRIT LBL",1,"OTHER"
"111",2003,"Indonesia","SALMONELLA",52,"SALMONELLA"
"112",2003,"Malaysia","FILTHY",6,"FILTHY"
"113",2003,"Malaysia","LABELING",2,"OTHER"
"114",2003,"Malaysia","LACKS FIRM",1,"OTHER"
"115",2003,"Malaysia","LIST INGRE",1,"OTHER"
"116",2003,"Malaysia","NUTRIT LBL",1,"OTHER"
"117",2003,"Malaysia","VETDRUGRES",1,"VET. DRUGS"
"118",2003,"Mexico","FILTHY",1,"FILTHY"
"119",2003,"Mexico","SALMONELLA",9,"SALMONELLA"
"120",2003,"Myanmar","FILTHY",10,"FILTHY"
"121",2003,"Myanmar","NUTRIT LBL",2,"OTHER"
"122",2003,"Myanmar","SALMONELLA",9,"SALMONELLA"
"123",2003,"Nicaragua","FILTHY",9,"FILTHY"
"124",2003,"Pakistan","SALMONELLA",1,"SALMONELLA"
"125",2003,"Peru","SALMONELLA",1,"SALMONELLA"
"126",2003,"Philippines","SALMONELLA",1,"SALMONELLA"
"127",2003,"Singapore","LACKS FIRM",1,"OTHER"
"128",2003,"Singapore","MFRHACCP",1,"OTHER"
"129",2003,"Sri Lanka","SALMONELLA",1,"SALMONELLA"
"130",2003,"Taiwan","FILTHY",1,"FILTHY"
"131",2003,"Thailand","FILTHY",30,"FILTHY"
"132",2003,"Thailand","SALMONELLA",8,"SALMONELLA"
"133",2003,"Thailand","VETDRUGRES",15,"VET. DRUGS"
"134",2003,"Venezuela","SALMONELLA",6,"SALMONELLA"
"135",2003,"Vietnam","FILTHY",3,"FILTHY"
"136",2003,"Vietnam","INSANITARY",1,"OTHER"
"137",2003,"Vietnam","LABELING",3,"OTHER"
"138",2003,"Vietnam","LACKS FIRM",4,"OTHER"
"139",2003,"Vietnam","LACKS N/C",5,"OTHER"
"140",2003,"Vietnam","LIST INGRE",5,"OTHER"
"141",2003,"Vietnam","LISTERIA",1,"OTHER"
"142",2003,"Vietnam","NEEDS FCE",3,"OTHER"
"143",2003,"Vietnam","NO PROCESS",3,"OTHER"
"144",2003,"Vietnam","NUTRIT LBL",2,"OTHER"
"145",2003,"Vietnam","SALMONELLA",33,"SALMONELLA"
"146",2003,"Vietnam","USUAL NAME",3,"OTHER"
"147",2003,"Vietnam","VETDRUGRES",8,"VET. DRUGS"
"148",2004,"Bangladesh","FILTHY",84,"FILTHY"
"149",2004,"Bangladesh","SALMONELLA",92,"SALMONELLA"
"150",2004,"Brazil","FILTHY",1,"FILTHY"
"151",2004,"Brazil","SALMONELLA",8,"SALMONELLA"
"152",2004,"Canada","FILTHY",3,"FILTHY"
"153",2004,"Canada","LABELING",1,"OTHER"
"154",2004,"China","FILTHY",4,"FILTHY"
"155",2004,"China","LABELING",1,"OTHER"
"156",2004,"China","LACKS FIRM",1,"OTHER"
"157",2004,"China","NO ENGLISH",1,"OTHER"
"158",2004,"China","SALMONELLA",2,"SALMONELLA"
"159",2004,"China","VETDRUGRES",12,"VET. DRUGS"
"160",2004,"Colombia","SALMONELLA",2,"SALMONELLA"
"161",2004,"Denmark","LISTERIA",1,"OTHER"
"162",2004,"Ecuador","SALMONELLA",9,"SALMONELLA"
"163",2004,"Ghana","FILTHY",1,"FILTHY"
"164",2004,"Guatemala","SALMONELLA",3,"SALMONELLA"
"165",2004,"Guyana","FILTHY",4,"FILTHY"
"166",2004,"Guyana","LABELING",1,"OTHER"
"167",2004,"Hong Kong","FILTHY",1,"FILTHY"
"168",2004,"India","FILTHY",104,"FILTHY"
"169",2004,"India","INSANITARY",3,"OTHER"
"170",2004,"India","LABELING",1,"OTHER"
"171",2004,"India","LACKS FIRM",3,"OTHER"
"172",2004,"India","NUTRIT LBL",4,"OTHER"
"173",2004,"India","SALMONELLA",95,"SALMONELLA"
"174",2004,"India","VETDRUGRES",13,"VET. DRUGS"
"175",2004,"Indonesia","FILTHY",97,"FILTHY"
"176",2004,"Indonesia","SALMONELLA",127,"SALMONELLA"
"177",2004,"Malaysia","FILTHY",2,"FILTHY"
"178",2004,"Malaysia","SALMONELLA",2,"SALMONELLA"
"179",2004,"Mexico","FILTHY",3,"FILTHY"
"180",2004,"Mexico","SALMONELLA",9,"SALMONELLA"
"181",2004,"Myanmar","FILTHY",1,"FILTHY"
"182",2004,"Nigeria","NUTRIT LBL",1,"OTHER"
"183",2004,"Panama","FILTHY",3,"FILTHY"
"184",2004,"Peru","VETDRUGRES",5,"VET. DRUGS"
"185",2004,"Philippines","FILTHY",6,"FILTHY"
"186",2004,"Philippines","SALMONELLA",1,"SALMONELLA"
"187",2004,"South Korea","NEEDS FCE",1,"OTHER"
"188",2004,"South Korea","NO PROCESS",1,"OTHER"
"189",2004,"South Korea","SULFITELBL",1,"OTHER"
"190",2004,"Spain","NO ENGLISH",2,"OTHER"
"191",2004,"Sri Lanka","FILTHY",1,"FILTHY"
"192",2004,"Sri Lanka","SALMONELLA",1,"SALMONELLA"
"193",2004,"Switzerland","LACKS FIRM",1,"OTHER"
"194",2004,"Switzerland","NO ENGLISH",1,"OTHER"
"195",2004,"Switzerland","NUTRIT LBL",1,"OTHER"
"196",2004,"Thailand","FILTHY",8,"FILTHY"
"197",2004,"Thailand","NUTRIT LBL",1,"OTHER"
"198",2004,"Thailand","SALMONELLA",5,"SALMONELLA"
"199",2004,"Thailand","USUAL NAME",1,"OTHER"
"200",2004,"United Arab Emirates","FILTHY",3,"FILTHY"
"201",2004,"United Arab Emirates","NO ENGLISH",1,"OTHER"
"202",2004,"Venezuela","SALMONELLA",1,"SALMONELLA"
"203",2004,"Venezuela","VETDRUGRES",5,"VET. DRUGS"
"204",2004,"Vietnam","FILTHY",10,"FILTHY"
"205",2004,"Vietnam","SALMONELLA",28,"SALMONELLA"
"206",2004,"Vietnam","VETDRUGRES",2,"VET. DRUGS"
"207",2005,"Bangladesh","FILTHY",97,"FILTHY"
"208",2005,"Bangladesh","SALMONELLA",64,"SALMONELLA"
"209",2005,"Brazil","FILTHY",3,"FILTHY"
"210",2005,"Côte d'Ivoire","FILTHY",1,"FILTHY"
"211",2005,"Cambodia","FILTHY",1,"FILTHY"
"212",2005,"Canada","INCONSPICU",1,"OTHER"
"213",2005,"Canada","LACKS N/C",1,"OTHER"
"214",2005,"China","LISTERIA",2,"OTHER"
"215",2005,"China","NITROFURAN",13,"NITROFURAN"
"216",2005,"China","SALMONELLA",4,"SALMONELLA"
"217",2005,"China","VETDRUGRES",19,"VET. DRUGS"
"218",2005,"Costa Rica","SALMONELLA",1,"SALMONELLA"
"219",2005,"Ecuador","FILTHY",13,"FILTHY"
"220",2005,"Ecuador","LIST INGRE",4,"OTHER"
"221",2005,"Ecuador","SALMONELLA",14,"SALMONELLA"
"222",2005,"Ghana","IMPTRHACCP",2,"OTHER"
"223",2005,"Ghana","INCONSPICU",2,"OTHER"
"224",2005,"Guinea","INSANITARY",1,"OTHER"
"225",2005,"Guinea","LABELING",1,"OTHER"
"226",2005,"Guinea","LACKS FIRM",1,"OTHER"
"227",2005,"Guyana","FILTHY",2,"FILTHY"
"228",2005,"Guyana","LACKS FIRM",2,"OTHER"
"229",2005,"Guyana","LACKS N/C",1,"OTHER"
"230",2005,"Guyana","USUAL NAME",1,"OTHER"
"231",2005,"Honduras","SALMONELLA",1,"SALMONELLA"
"232",2005,"India","FILTHY",15,"FILTHY"
"233",2005,"India","SALMONELLA",60,"SALMONELLA"
"234",2005,"India","UNSAFE COL",1,"OTHER"
"235",2005,"Indonesia","FILTHY",60,"FILTHY"
"236",2005,"Indonesia","LABELING",1,"OTHER"
"237",2005,"Indonesia","NITROFURAN",5,"NITROFURAN"
"238",2005,"Indonesia","NUTRIT LBL",1,"OTHER"
"239",2005,"Indonesia","SALMONELLA",78,"SALMONELLA"
"240",2005,"Indonesia","UNSAFE ADD",1,"OTHER"
"241",2005,"Indonesia","VETDRUGRES",1,"VET. DRUGS"
"242",2005,"Liberia","FILTHY",1,"FILTHY"
"243",2005,"Malaysia","FILTHY",16,"FILTHY"
"244",2005,"Malaysia","SALMONELLA",7,"SALMONELLA"
"245",2005,"Mexico","FILTHY",3,"FILTHY"
"246",2005,"Mexico","SALMONELLA",1,"SALMONELLA"
"247",2005,"Nicaragua","FILTHY",1,"FILTHY"
"248",2005,"Panama","SALMONELLA",1,"SALMONELLA"
"249",2005,"Philippines","FILTHY",15,"FILTHY"
"250",2005,"Philippines","NEEDS FCE",1,"OTHER"
"251",2005,"Philippines","NO PROCESS",1,"OTHER"
"252",2005,"Philippines","SALMONELLA",36,"SALMONELLA"
"253",2005,"Sri Lanka","SALMONELLA",1,"SALMONELLA"
"254",2005,"Taiwan","FILTHY",1,"FILTHY"
"255",2005,"Taiwan","SALMONELLA",1,"SALMONELLA"
"256",2005,"Thailand","FILTHY",13,"FILTHY"
"257",2005,"Thailand","LABELING",2,"OTHER"
"258",2005,"Thailand","LIST INGRE",1,"OTHER"
"259",2005,"Thailand","NUTRIT LBL",2,"OTHER"
"260",2005,"Thailand","SALMONELLA",6,"SALMONELLA"
"261",2005,"Thailand","VETDRUGRES",1,"VET. DRUGS"
"262",2005,"Venezuela","SALMONELLA",30,"SALMONELLA"
"263",2005,"Vietnam","FILTHY",7,"FILTHY"
"264",2005,"Vietnam","LACKS FIRM",1,"OTHER"
"265",2005,"Vietnam","NEEDS FCE",4,"OTHER"
"266",2005,"Vietnam","NO PROCESS",1,"OTHER"
"267",2005,"Vietnam","SALMONELLA",37,"SALMONELLA"
"268",2005,"Vietnam","VETDRUGRES",7,"VET. DRUGS"
"269",2006,"Bangladesh","FILTHY",29,"FILTHY"
"270",2006,"Bangladesh","LABELING",4,"OTHER"
"271",2006,"Bangladesh","LACKS FIRM",1,"OTHER"
"272",2006,"Bangladesh","NUTRIT LBL",4,"OTHER"
"273",2006,"Bangladesh","PRESRV LBL",1,"OTHER"
"274",2006,"Bangladesh","SALMONELLA",28,"SALMONELLA"
"275",2006,"Bangladesh","USUAL NAME",3,"OTHER"
"276",2006,"Brunei","SALMONELLA",2,"SALMONELLA"
"277",2006,"Canada","LISTERIA",1,"OTHER"
"278",2006,"Canada","NEEDS FCE",1,"OTHER"
"279",2006,"Canada","NO PROCESS",1,"OTHER"
"280",2006,"China","FILTHY",3,"FILTHY"
"281",2006,"China","NITROFURAN",2,"NITROFURAN"
"282",2006,"Ecuador","FILTHY",8,"FILTHY"
"283",2006,"Ecuador","LACKS FIRM",1,"OTHER"
"284",2006,"Ecuador","SALMONELLA",17,"SALMONELLA"
"285",2006,"Ghana","LABELING",1,"OTHER"
"286",2006,"Guyana","HISTAMINE",1,"OTHER"
"287",2006,"Honduras","SALMONELLA",1,"SALMONELLA"
"288",2006,"India","FILTHY",43,"FILTHY"
"289",2006,"India","SALMONELLA",21,"SALMONELLA"
"290",2006,"Indonesia","FILTHY",25,"FILTHY"
"291",2006,"Indonesia","NITROFURAN",8,"NITROFURAN"
"292",2006,"Indonesia","SALMONELLA",43,"SALMONELLA"
"293",2006,"Indonesia","VETDRUGRES",7,"VET. DRUGS"
"294",2006,"Japan","LABELING",1,"OTHER"
"295",2006,"Malaysia","FILTHY",15,"FILTHY"
"296",2006,"Malaysia","LACKS FIRM",4,"OTHER"
"297",2006,"Malaysia","LACKS N/C",4,"OTHER"
"298",2006,"Malaysia","LIST INGRE",6,"OTHER"
"299",2006,"Malaysia","NUTRIT LBL",5,"OTHER"
"300",2006,"Malaysia","SALMONELLA",1,"SALMONELLA"
"301",2006,"Malaysia","USUAL NAME",5,"OTHER"
"302",2006,"Malaysia","VETDRUGRES",1,"VET. DRUGS"
"303",2006,"Mexico","SALMONELLA",33,"SALMONELLA"
"304",2006,"Pakistan","FILTHY",1,"FILTHY"
"305",2006,"Panama","FILTHY",13,"FILTHY"
"306",2006,"Philippines","SALMONELLA",11,"SALMONELLA"
"307",2006,"Spain","NO ENGLISH",1,"OTHER"
"308",2006,"Spain","SULFITELBL",1,"OTHER"
"309",2006,"Thailand","FILTHY",2,"FILTHY"
"310",2006,"Thailand","IMPTRHACCP",1,"OTHER"
"311",2006,"Thailand","SALMONELLA",2,"SALMONELLA"
"312",2006,"United Arab Emirates","FILTHY",2,"FILTHY"
"313",2006,"Venezuela","SALMONELLA",1,"SALMONELLA"
"314",2006,"Venezuela","VETDRUGRES",1,"VET. DRUGS"
"315",2006,"Vietnam","FILTHY",10,"FILTHY"
"316",2006,"Vietnam","SALMONELLA",15,"SALMONELLA"
"317",2006,"Vietnam","VETDRUGRES",6,"VET. DRUGS"
"318",2007,"Bangladesh","FILTHY",32,"FILTHY"
"319",2007,"Bangladesh","SALMONELLA",2,"SALMONELLA"
"320",2007,"Bangladesh","VETDRUGRES",1,"VET. DRUGS"
"321",2007,"Brazil","FILTHY",1,"FILTHY"
"322",2007,"Canada","SALMONELLA",1,"SALMONELLA"
"323",2007,"China","NITROFURAN",23,"NITROFURAN"
"324",2007,"China","UNSAFE ADD",9,"OTHER"
"325",2007,"China","VETDRUGRES",19,"VET. DRUGS"
"326",2007,"Ecuador","VETDRUGRES",5,"VET. DRUGS"
"327",2007,"El Salvador","FALSE",1,"OTHER"
"328",2007,"El Salvador","LABELING",1,"OTHER"
"329",2007,"El Salvador","LACKS FIRM",1,"OTHER"
"330",2007,"El Salvador","LIST INGRE",1,"OTHER"
"331",2007,"El Salvador","SULFITELBL",1,"OTHER"
"332",2007,"Guatemala","LACKS N/C",1,"OTHER"
"333",2007,"Guyana","FILTHY",2,"FILTHY"
"334",2007,"Guyana","NO ENGLISH",1,"OTHER"
"335",2007,"Hong Kong","NITROFURAN",1,"NITROFURAN"
"336",2007,"Hong Kong","SALMONELLA",1,"SALMONELLA"
"337",2007,"Hong Kong","UNSAFE ADD",3,"OTHER"
"338",2007,"Hong Kong","UNSAFE COL",2,"OTHER"
"339",2007,"Hong Kong","VETDRUGRES",3,"VET. DRUGS"
"340",2007,"India","FILTHY",35,"FILTHY"
"341",2007,"India","NEEDS FCE",1,"OTHER"
"342",2007,"India","NO PROCESS",1,"OTHER"
"343",2007,"India","SALMONELLA",15,"SALMONELLA"
"344",2007,"Indonesia","FILTHY",53,"FILTHY"
"345",2007,"Indonesia","NITROFURAN",4,"NITROFURAN"
"346",2007,"Indonesia","SALMONELLA",32,"SALMONELLA"
"347",2007,"Malaysia","FILTHY",9,"FILTHY"
"348",2007,"Malaysia","NUTRIT LBL",1,"OTHER"
"349",2007,"Malaysia","SALMONELLA",23,"SALMONELLA"
"350",2007,"Mexico","NEW VET DR",6,"OTHER"
"351",2007,"Mexico","NUTRIT LBL",2,"OTHER"
"352",2007,"Mexico","PESTICIDES",1,"OTHER"
"353",2007,"Mexico","SALMONELLA",1,"SALMONELLA"
"354",2007,"Mexico","VETDRUGRES",7,"VET. DRUGS"
"355",2007,"Nicaragua","FILTHY",1,"FILTHY"
"356",2007,"Nigeria","FILTHY",1,"FILTHY"
"357",2007,"Pakistan","SALMONELLA",1,"SALMONELLA"
"358",2007,"Singapore","SALMONELLA",1,"SALMONELLA"
"359",2007,"Taiwan","FILTHY",1,"FILTHY"
"360",2007,"Thailand","FILTHY",16,"FILTHY"
"361",2007,"Thailand","SALMONELLA",17,"SALMONELLA"
"362",2007,"United Arab Emirates","FILTHY",5,"FILTHY"
"363",2007,"Venezuela","NITROFURAN",1,"NITROFURAN"
"364",2007,"Venezuela","SULFITELBL",2,"OTHER"
"365",2007,"Venezuela","VETDRUGRES",10,"VET. DRUGS"
"366",2007,"Vietnam","FILTHY",4,"FILTHY"
"367",2007,"Vietnam","LACKS N/C",1,"OTHER"
"368",2007,"Vietnam","LIST INGRE",1,"OTHER"
"369",2007,"Vietnam","NUTRIT LBL",1,"OTHER"
"370",2007,"Vietnam","SALMONELLA",30,"SALMONELLA"
"371",2007,"Vietnam","USUAL NAME",1,"OTHER"
"372",2008,"Bangladesh","FILTHY",27,"FILTHY"
"373",2008,"Bangladesh","SALMONELLA",24,"SALMONELLA"
"374",2008,"Côte d'Ivoire","FILTHY",1,"FILTHY"
"375",2008,"Côte d'Ivoire","NO ENGLISH",1,"OTHER"
"376",2008,"China","NITROFURAN",5,"NITROFURAN"
"377",2008,"China","NO ENGLISH",2,"OTHER"
"378",2008,"China","UNSAFE ADD",18,"OTHER"
"379",2008,"China","VETDRUGRES",30,"VET. DRUGS"
"380",2008,"Ecuador","FILTHY",2,"FILTHY"
"381",2008,"Honduras","FILTHY",1,"FILTHY"
"382",2008,"Hong Kong","VETDRUGRES",1,"VET. DRUGS"
"383",2008,"India","FILTHY",8,"FILTHY"
"384",2008,"India","SALMONELLA",3,"SALMONELLA"
"385",2008,"Indonesia","FILTHY",16,"FILTHY"
"386",2008,"Indonesia","SALMONELLA",10,"SALMONELLA"
"387",2008,"Jamaica","NUTRIT LBL",1,"OTHER"
"388",2008,"Jamaica","UNSAFE COL",1,"OTHER"
"389",2008,"Malaysia","FILTHY",5,"FILTHY"
"390",2008,"Malaysia","NITROFURAN",5,"NITROFURAN"
"391",2008,"Malaysia","NUTRIT LBL",1,"OTHER"
"392",2008,"Malaysia","SALMONELLA",24,"SALMONELLA"
"393",2008,"Malaysia","TRANSFAT",1,"OTHER"
"394",2008,"Malaysia","VETDRUGRES",5,"VET. DRUGS"
"395",2008,"Mexico","FILTHY",3,"FILTHY"
"396",2008,"Mexico","INSANITARY",1,"OTHER"
"397",2008,"Mexico","LACKS FIRM",1,"OTHER"
"398",2008,"Mexico","LACKS N/C",1,"OTHER"
"399",2008,"Mexico","USUAL NAME",1,"OTHER"
"400",2008,"Philippines","FILTHY",4,"FILTHY"
"401",2008,"Spain","LACKS N/C",1,"OTHER"
"402",2008,"Spain","LIST INGRE",1,"OTHER"
"403",2008,"Spain","NUTRIT LBL",1,"OTHER"
"404",2008,"Thailand","FILTHY",13,"FILTHY"
"405",2008,"Thailand","LISTERIA",1,"OTHER"
"406",2008,"Thailand","SALMONELLA",18,"SALMONELLA"
"407",2008,"Vietnam","FILTHY",3,"FILTHY"
"408",2008,"Vietnam","LABELING",1,"OTHER"
"409",2008,"Vietnam","LACKS N/C",1,"OTHER"
"410",2008,"Vietnam","NUTRIT LBL",1,"OTHER"
"411",2008,"Vietnam","SALMONELLA",18,"SALMONELLA"
"412",2008,"Vietnam","VETDRUGRES",5,"VET. DRUGS"
"413",2009,"Argentina","FILTHY",1,"FILTHY"
"414",2009,"Bangladesh","FILTHY",21,"FILTHY"
"415",2009,"Bangladesh","SALMONELLA",20,"SALMONELLA"
"416",2009,"Bangladesh","VETDRUGRES",1,"VET. DRUGS"
"417",2009,"Brazil","FILTHY",7,"FILTHY"
"418",2009,"China","UNSAFE ADD",7,"OTHER"
"419",2009,"China","VETDRUGRES",11,"VET. DRUGS"
"420",2009,"Ecuador","FILTHY",2,"FILTHY"
"421",2009,"Ecuador","LACKS N/C",1,"OTHER"
"422",2009,"Ecuador","NITROFURAN",1,"NITROFURAN"
"423",2009,"Ecuador","SALMONELLA",2,"SALMONELLA"
"424",2009,"El Salvador","FILTHY",1,"FILTHY"
"425",2009,"Honduras","FILTHY",5,"FILTHY"
"426",2009,"Honduras","SALMONELLA",6,"SALMONELLA"
"427",2009,"India","FILTHY",6,"FILTHY"
"428",2009,"India","NITROFURAN",10,"NITROFURAN"
"429",2009,"India","SALMONELLA",10,"SALMONELLA"
"430",2009,"India","VETDRUGRES",5,"VET. DRUGS"
"431",2009,"Indonesia","FILTHY",7,"FILTHY"
"432",2009,"Indonesia","OFF ODOR",3,"OTHER"
"433",2009,"Indonesia","SALMONELLA",13,"SALMONELLA"
"434",2009,"Malaysia","NITROFURAN",2,"NITROFURAN"
"435",2009,"Malaysia","SALMONELLA",8,"SALMONELLA"
"436",2009,"Malaysia","VETDRUGRES",1,"VET. DRUGS"
"437",2009,"Mexico","FILTHY",1,"FILTHY"
"438",2009,"Mexico","INSANITARY",1,"OTHER"
"439",2009,"Philippines","FILTHY",2,"FILTHY"
"440",2009,"Philippines","NEEDS FCE",1,"OTHER"
"441",2009,"Philippines","NO PROCESS",1,"OTHER"
"442",2009,"Singapore","SALMONELLA",2,"SALMONELLA"
"443",2009,"Thailand","FILTHY",9,"FILTHY"
"444",2009,"Thailand","LABELING",1,"OTHER"
"445",2009,"Thailand","SALMONELLA",7,"SALMONELLA"
"446",2009,"United States of America","VETDRUGRES",1,"VET. DRUGS"
"447",2009,"Venezuela","FILTHY",1,"FILTHY"
"448",2009,"Venezuela","SALMONELLA",1,"SALMONELLA"
"449",2009,"Vietnam","FILTHY",8,"FILTHY"
"450",2009,"Vietnam","MFR INSAN",2,"OTHER"
"451",2009,"Vietnam","SALMONELLA",76,"SALMONELLA"
"452",2009,"Vietnam","TRANSFAT",2,"OTHER"
"453",2009,"Vietnam","VETDRUGRES",24,"VET. DRUGS"
"454",2010,"Bangladesh","FILTHY",18,"FILTHY"
"455",2010,"Bangladesh","NITROFURAN",4,"NITROFURAN"
"456",2010,"Bangladesh","SALMONELLA",37,"SALMONELLA"
"457",2010,"Bangladesh","VETDRUGRES",4,"VET. DRUGS"
"458",2010,"Canada","FALSE",3,"OTHER"
"459",2010,"Canada","NUTRIT LBL",3,"OTHER"
"460",2010,"China","NITROFURAN",5,"NITROFURAN"
"461",2010,"China","UNSAFE ADD",15,"OTHER"
"462",2010,"China","VETDRUGRES",32,"VET. DRUGS"
"463",2010,"Ecuador","FILTHY",2,"FILTHY"
"464",2010,"Ecuador","NO ENGLISH",2,"OTHER"
"465",2010,"Ecuador","SALMONELLA",4,"SALMONELLA"
"466",2010,"Guyana","FILTHY",1,"FILTHY"
"467",2010,"Guyana","HISTAMINE",1,"OTHER"
"468",2010,"Guyana","LABELING",1,"OTHER"
"469",2010,"India","FILTHY",7,"FILTHY"
"470",2010,"India","NITROFURAN",2,"NITROFURAN"
"471",2010,"India","SALMONELLA",13,"SALMONELLA"
"472",2010,"Indonesia","FILTHY",9,"FILTHY"
"473",2010,"Indonesia","LISTERIA",13,"OTHER"
"474",2010,"Indonesia","SALMONELLA",8,"SALMONELLA"
"475",2010,"Indonesia","VETDRUGRES",3,"VET. DRUGS"
"476",2010,"Malaysia","NITROFURAN",7,"NITROFURAN"
"477",2010,"Malaysia","VETDRUGRES",1,"VET. DRUGS"
"478",2010,"Mexico","FILTHY",1,"FILTHY"
"479",2010,"Mexico","SALMONELLA",20,"SALMONELLA"
"480",2010,"Nicaragua","SALMONELLA",5,"SALMONELLA"
"481",2010,"Nigeria","LACKS N/C",1,"OTHER"
"482",2010,"Philippines","NUTRIT LBL",1,"OTHER"
"483",2010,"Philippines","UNSAFE COL",1,"OTHER"
"484",2010,"Sri Lanka","LACKS N/C",1,"OTHER"
"485",2010,"Sri Lanka","NUTRIT LBL",1,"OTHER"
"486",2010,"Thailand","FALSE",1,"OTHER"
"487",2010,"Thailand","FILTHY",9,"FILTHY"
"488",2010,"Thailand","LABELING",1,"OTHER"
"489",2010,"Thailand","SALMONELLA",7,"SALMONELLA"
"490",2010,"United States of America","LACKS FIRM",1,"OTHER"
"491",2010,"United States of America","LACKS N/C",1,"OTHER"
"492",2010,"United States of America","LIST INGRE",1,"OTHER"
"493",2010,"United States of America","SALMONELLA",1,"SALMONELLA"
"494",2010,"United States of America","USUAL NAME",1,"OTHER"
"495",2010,"Venezuela","SALMONELLA",17,"SALMONELLA"
"496",2010,"Vietnam","SALMONELLA",31,"SALMONELLA"
"497",2011,"Bangladesh","FILTHY",16,"FILTHY"
"498",2011,"Bangladesh","SALMONELLA",24,"SALMONELLA"
"499",2011,"Canada","FILTHY",1,"FILTHY"
"500",2011,"China","LACKS N/C",2,"OTHER"
"501",2011,"China","NITROFURAN",2,"NITROFURAN"
"502",2011,"China","NUTRIT LBL",2,"OTHER"
"503",2011,"China","UNSAFE ADD",32,"OTHER"
"504",2011,"China","VETDRUGRES",40,"VET. DRUGS"
"505",2011,"Ecuador","FILTHY",4,"FILTHY"
"506",2011,"Ecuador","LACKS N/C",1,"OTHER"
"507",2011,"Ecuador","SALMONELLA",15,"SALMONELLA"
"508",2011,"Honduras","ALRGN402A4",1,"OTHER"
"509",2011,"Honduras","FILTHY",4,"FILTHY"
"510",2011,"Honduras","SALMONELLA",63,"SALMONELLA"
"511",2011,"India","FILTHY",26,"FILTHY"
"512",2011,"India","NEEDS FCE",1,"OTHER"
"513",2011,"India","NO PROCESS",1,"OTHER"
"514",2011,"India","SALMONELLA",26,"SALMONELLA"
"515",2011,"India","VETDRUGRES",9,"VET. DRUGS"
"516",2011,"Indonesia","FILTHY",27,"FILTHY"
"517",2011,"Indonesia","NO PROCESS",1,"OTHER"
"518",2011,"Indonesia","SALMONELLA",48,"SALMONELLA"
"519",2011,"Indonesia","VETDRUGRES",9,"VET. DRUGS"
"520",2011,"Malaysia","MFRHACCP",1,"OTHER"
"521",2011,"Malaysia","NITROFURAN",7,"NITROFURAN"
"522",2011,"Malaysia","VETDRUGRES",3,"VET. DRUGS"
"523",2011,"Mexico","FILTHY",1,"FILTHY"
"524",2011,"Nicaragua","SALMONELLA",14,"SALMONELLA"
"525",2011,"Philippines","COLOR LBLG",1,"OTHER"
"526",2011,"Philippines","FALSE",1,"OTHER"
"527",2011,"Philippines","FILTHY",1,"FILTHY"
"528",2011,"Philippines","LABELING",1,"OTHER"
"529",2011,"Philippines","LIST INGRE",1,"OTHER"
"530",2011,"Philippines","NEEDS FCE",1,"OTHER"
"531",2011,"Philippines","NO PROCESS",1,"OTHER"
"532",2011,"Philippines","UNSAFE COL",1,"OTHER"
"533",2011,"Spain","LACKS N/C",1,"OTHER"
"534",2011,"Spain","LIST INGRE",1,"OTHER"
"535",2011,"Spain","NUTRIT LBL",1,"OTHER"
"536",2011,"Spain","UNSAFE COL",1,"OTHER"
"537",2011,"Sri Lanka","SALMONELLA",4,"SALMONELLA"
"538",2011,"Thailand","FILTHY",3,"FILTHY"
"539",2011,"Thailand","INCONSPICU",1,"OTHER"
"540",2011,"Thailand","SALMONELLA",5,"SALMONELLA"
"541",2011,"United Arab Emirates","FILTHY",1,"FILTHY"
"542",2011,"Venezuela","FILTHY",6,"FILTHY"
"543",2011,"Venezuela","MFRHACCP",5,"OTHER"
"544",2011,"Venezuela","SALMONELLA",4,"SALMONELLA"
"545",2011,"Vietnam","FILTHY",7,"FILTHY"
"546",2011,"Vietnam","LISTERIA",1,"OTHER"
"547",2011,"Vietnam","SALMONELLA",24,"SALMONELLA"
"548",2011,"Vietnam","VETDRUGRES",7,"VET. DRUGS"
"549",2012,"Bangladesh","FILTHY",13,"FILTHY"
"550",2012,"Bangladesh","NITROFURAN",8,"NITROFURAN"
"551",2012,"Bangladesh","SALMONELLA",17,"SALMONELLA"
"552",2012,"Bangladesh","VETDRUGRES",4,"VET. DRUGS"
"553",2012,"Brazil","NO TAG",1,"OTHER"
"554",2012,"China","NITROFURAN",1,"NITROFURAN"
"555",2012,"China","UNSAFE ADD",5,"OTHER"
"556",2012,"China","VETDRUGRES",5,"VET. DRUGS"
"557",2012,"Ecuador","FILTHY",1,"FILTHY"
"558",2012,"Ecuador","OFF ODOR",1,"OTHER"
"559",2012,"Ecuador","SALMONELLA",10,"SALMONELLA"
"560",2012,"Ghana","LACKS FIRM",1,"OTHER"
"561",2012,"Ghana","LACKS N/C",1,"OTHER"
"562",2012,"Ghana","LIST INGRE",1,"OTHER"
"563",2012,"Ghana","USUAL NAME",1,"OTHER"
"564",2012,"Guyana","FILTHY",1,"FILTHY"
"565",2012,"Guyana","SALMONELLA",1,"SALMONELLA"
"566",2012,"Honduras","SALMONELLA",72,"SALMONELLA"
"567",2012,"Hong Kong","LACKS FIRM",1,"OTHER"
"568",2012,"Hong Kong","NUTRIT LBL",1,"OTHER"
"569",2012,"Hong Kong","UNSAFE ADD",4,"OTHER"
"570",2012,"Hong Kong","VETDRUGRES",4,"VET. DRUGS"
"571",2012,"India","FILTHY",12,"FILTHY"
"572",2012,"India","NITROFURAN",1,"NITROFURAN"
"573",2012,"India","SALMONELLA",53,"SALMONELLA"
"574",2012,"Indonesia","FILTHY",16,"FILTHY"
"575",2012,"Indonesia","LISTERIA",7,"OTHER"
"576",2012,"Indonesia","MFRHACCP",2,"OTHER"
"577",2012,"Indonesia","SALMONELLA",7,"SALMONELLA"
"578",2012,"Malaysia","NITROFURAN",18,"NITROFURAN"
"579",2012,"Malaysia","VETDRUGRES",9,"VET. DRUGS"
"580",2012,"Mexico","FILTHY",1,"FILTHY"
"581",2012,"Mexico","NUTRIT LBL",1,"OTHER"
"582",2012,"Mexico","SALMONELLA",2,"SALMONELLA"
"583",2012,"Philippines","FILTHY",1,"FILTHY"
"584",2012,"South Korea","SULFITELBL",2,"OTHER"
"585",2012,"Sri Lanka","SALMONELLA",2,"SALMONELLA"
"586",2012,"Thailand","FILTHY",5,"FILTHY"
"587",2012,"Thailand","SALMONELLA",12,"SALMONELLA"
"588",2012,"United Arab Emirates","SALMONELLA",1,"SALMONELLA"
"589",2012,"Venezuela","FILTHY",2,"FILTHY"
"590",2012,"Venezuela","LACKS FIRM",1,"OTHER"
"591",2012,"Venezuela","MFRHACCP",1,"OTHER"
"592",2012,"Venezuela","SALMONELLA",2,"SALMONELLA"
"593",2012,"Vietnam","FILTHY",1,"FILTHY"
"594",2012,"Vietnam","SALMONELLA",12,"SALMONELLA"
"595",2012,"Vietnam","VETDRUGRES",10,"VET. DRUGS"
"596",2013,"Argentina","FILTHY",1,"FILTHY"
"597",2013,"Bangladesh","FILTHY",9,"FILTHY"
"598",2013,"Bangladesh","NITROFURAN",1,"NITROFURAN"
"599",2013,"Bangladesh","SALMONELLA",7,"SALMONELLA"
"600",2013,"Bangladesh","VETDRUGRES",1,"VET. DRUGS"
"601",2013,"China","NITROFURAN",2,"NITROFURAN"
"602",2013,"China","UNSAFE ADD",2,"OTHER"
"603",2013,"China","VETDRUGRES",8,"VET. DRUGS"
"604",2013,"Ecuador","SALMONELLA",26,"SALMONELLA"
"605",2013,"Honduras","SALMONELLA",7,"SALMONELLA"
"606",2013,"India","FILTHY",17,"FILTHY"
"607",2013,"India","NITROFURAN",7,"NITROFURAN"
"608",2013,"India","SALMONELLA",42,"SALMONELLA"
"609",2013,"Indonesia","FALSE",1,"OTHER"
"610",2013,"Indonesia","FILTHY",10,"FILTHY"
"611",2013,"Indonesia","IMPTRHACCP",1,"OTHER"
"612",2013,"Indonesia","LISTERIA",20,"OTHER"
"613",2013,"Indonesia","NITROFURAN",1,"NITROFURAN"
"614",2013,"Indonesia","SALMONELLA",17,"SALMONELLA"
"615",2013,"Malaysia","COLOR LBLG",2,"OTHER"
"616",2013,"Malaysia","FILTHY",1,"FILTHY"
"617",2013,"Malaysia","NITROFURAN",11,"NITROFURAN"
"618",2013,"Malaysia","UNSAFE COL",2,"OTHER"
"619",2013,"Malaysia","VETDRUGRES",14,"VET. DRUGS"
"620",2013,"Mexico","SALMONELLA",1,"SALMONELLA"
"621",2013,"Nicaragua","LACKS FIRM",1,"OTHER"
"622",2013,"Nicaragua","MFRHACCP",11,"OTHER"
"623",2013,"Nicaragua","SALMONELLA",2,"SALMONELLA"
"624",2013,"Peru","SALMONELLA",4,"SALMONELLA"
"625",2013,"Philippines","FILTHY",1,"FILTHY"
"626",2013,"South Korea","IMPTRHACCP",5,"OTHER"
"627",2013,"South Korea","VETDRUGRES",1,"VET. DRUGS"
"628",2013,"Sri Lanka","SALMONELLA",9,"SALMONELLA"
"629",2013,"Taiwan","FILTHY",2,"FILTHY"
"630",2013,"Taiwan","SALMONELLA",2,"SALMONELLA"
"631",2013,"Taiwan","VETDRUGRES",2,"VET. DRUGS"
"632",2013,"Venezuela","SALMONELLA",7,"SALMONELLA"
"633",2013,"Vietnam","FILTHY",1,"FILTHY"
"634",2013,"Vietnam","LIST INGRE",1,"OTHER"
"635",2013,"Vietnam","MFRHACCP",2,"OTHER"
"636",2013,"Vietnam","NITROFURAN",4,"NITROFURAN"
"637",2013,"Vietnam","NO ENGLISH",1,"OTHER"
"638",2013,"Vietnam","SALMONELLA",5,"SALMONELLA"
"639",2013,"Vietnam","VETDRUGRES",23,"VET. DRUGS"
"640",2014,"Bangladesh","FILTHY",3,"FILTHY"
"641",2014,"Bangladesh","SALMONELLA",7,"SALMONELLA"
"642",2014,"Brunei","FILTHY",10,"FILTHY"
"643",2014,"Brunei","SALMONELLA",10,"SALMONELLA"
"644",2014,"Canada","INSANITARY",1,"OTHER"
"645",2014,"China","NITROFURAN",4,"NITROFURAN"
"646",2014,"China","UNSAFE ADD",3,"OTHER"
"647",2014,"China","VETDRUGRES",8,"VET. DRUGS"
"648",2014,"Ecuador","FILTHY",4,"FILTHY"
"649",2014,"Ghana","FILTHY",1,"FILTHY"
"650",2014,"Ghana","LACKS FIRM",1,"OTHER"
"651",2014,"Ghana","NUTRIT LBL",2,"OTHER"
"652",2014,"Ghana","SULFITELBL",1,"OTHER"
"653",2014,"Ghana","USUAL NAME",1,"OTHER"
"654",2014,"Hong Kong","VETDRUGRES",1,"VET. DRUGS"
"655",2014,"India","FALSE",3,"OTHER"
"656",2014,"India","FILTHY",23,"FILTHY"
"657",2014,"India","NITROFURAN",15,"NITROFURAN"
"658",2014,"India","SALMONELLA",34,"SALMONELLA"
"659",2014,"India","VETDRUGRES",14,"VET. DRUGS"
"660",2014,"Indonesia","FILTHY",3,"FILTHY"
"661",2014,"Indonesia","NITROFURAN",1,"NITROFURAN"
"662",2014,"Indonesia","SALMONELLA",9,"SALMONELLA"
"663",2014,"Malaysia","LACKS FIRM",5,"OTHER"
"664",2014,"Malaysia","NITROFURAN",54,"NITROFURAN"
"665",2014,"Malaysia","SALMONELLA",1,"SALMONELLA"
"666",2014,"Malaysia","UNSAFE ADD",4,"OTHER"
"667",2014,"Malaysia","VETDRUGRES",93,"VET. DRUGS"
"668",2014,"Mexico","SALMONELLA",1,"SALMONELLA"
"669",2014,"Myanmar","SALMONELLA",9,"SALMONELLA"
"670",2014,"Nicaragua","SALMONELLA",1,"SALMONELLA"
"671",2014,"Pakistan","FILTHY",4,"FILTHY"
"672",2014,"Philippines","NITROFURAN",14,"NITROFURAN"
"673",2014,"Philippines","VETDRUGRES",13,"VET. DRUGS"
"674",2014,"South Korea","MFRHACCP",3,"OTHER"
"675",2014,"Sri Lanka","SALMONELLA",1,"SALMONELLA"
"676",2014,"Thailand","COLOR LBLG",1,"OTHER"
"677",2014,"Thailand","FILTHY",2,"FILTHY"
"678",2014,"Thailand","SALMONELLA",4,"SALMONELLA"
"679",2014,"Venezuela","SALMONELLA",4,"SALMONELLA"
"680",2014,"Vietnam","LACKS FIRM",4,"OTHER"
"681",2014,"Vietnam","LIST INGRE",1,"OTHER"
"682",2014,"Vietnam","MFRHACCP",2,"OTHER"
"683",2014,"Vietnam","NITROFURAN",1,"NITROFURAN"
"684",2014,"Vietnam","NO ENGLISH",2,"OTHER"
"685",2014,"Vietnam","SALMONELLA",7,"SALMONELLA"
"686",2014,"Vietnam","VETDRUGRES",47,"VET. DRUGS"
"687",2015,"Argentina","FILTHY",3,"FILTHY"
"688",2015,"Bangladesh","FILTHY",8,"FILTHY"
"689",2015,"Bangladesh","OFF ODOR",2,"OTHER"
"690",2015,"Bangladesh","SALMONELLA",6,"SALMONELLA"
"691",2015,"Côte d'Ivoire","FILTHY",1,"FILTHY"
"692",2015,"Côte d'Ivoire","LACKS FIRM",1,"OTHER"
"693",2015,"Côte d'Ivoire","LACKS N/C",1,"OTHER"
"694",2015,"Côte d'Ivoire","LIST INGRE",1,"OTHER"
"695",2015,"Côte d'Ivoire","USUAL NAME",1,"OTHER"
"696",2015,"China","FILTHY",3,"FILTHY"
"697",2015,"China","SALMONELLA",1,"SALMONELLA"
"698",2015,"China","UNSAFE ADD",5,"OTHER"
"699",2015,"China","VETDRUGRES",13,"VET. DRUGS"
"700",2015,"Ecuador","FILTHY",4,"FILTHY"
"701",2015,"Ghana","FILTHY",2,"FILTHY"
"702",2015,"Ghana","NUTRIT LBL",1,"OTHER"
"703",2015,"India","FILTHY",11,"FILTHY"
"704",2015,"India","NITROFURAN",24,"NITROFURAN"
"705",2015,"India","SALMONELLA",24,"SALMONELLA"
"706",2015,"India","VETDRUGRES",19,"VET. DRUGS"
"707",2015,"Indonesia","FILTHY",2,"FILTHY"
"708",2015,"Indonesia","NITROFURAN",1,"NITROFURAN"
"709",2015,"Indonesia","SALMONELLA",5,"SALMONELLA"
"710",2015,"Indonesia","VETDRUGRES",4,"VET. DRUGS"
"711",2015,"Malaysia","LACKS FIRM",11,"OTHER"
"712",2015,"Malaysia","NITROFURAN",212,"NITROFURAN"
"713",2015,"Malaysia","NO ENGLISH",1,"OTHER"
"714",2015,"Malaysia","SALMONELLA",104,"SALMONELLA"
"715",2015,"Malaysia","VETDRUGRES",200,"VET. DRUGS"
"716",2015,"Mexico","LACKS FIRM",1,"OTHER"
"717",2015,"Mexico","LACKS N/C",1,"OTHER"
"718",2015,"Mexico","LIST INGRE",1,"OTHER"
"719",2015,"Mexico","NUTRIT LBL",1,"OTHER"
"720",2015,"Mexico","UNSAFE COL",1,"OTHER"
"721",2015,"Mexico","USUAL NAME",1,"OTHER"
"722",2015,"Myanmar","LABELING",2,"OTHER"
"723",2015,"Myanmar","LACKS N/C",2,"OTHER"
"724",2015,"Myanmar","NUTRIT LBL",2,"OTHER"
"725",2015,"Myanmar","SALMONELLA",2,"SALMONELLA"
"726",2015,"Myanmar","USUAL NAME",2,"OTHER"
"727",2015,"Nicaragua","FILTHY",1,"FILTHY"
"728",2015,"Philippines","SALMONELLA",2,"SALMONELLA"
"729",2015,"Thailand","FILTHY",2,"FILTHY"
"730",2015,"Thailand","SALMONELLA",3,"SALMONELLA"
"731",2015,"Vietnam","FILTHY",1,"FILTHY"
"732",2015,"Vietnam","INSANITARY",1,"OTHER"
"733",2015,"Vietnam","UNSAFE COL",1,"OTHER"
"734",2015,"Vietnam","VETDRUGRES",36,"VET. DRUGS"
"735",2016,"Argentina","FILTHY",3,"FILTHY"
"736",2016,"Bangladesh","FILTHY",5,"FILTHY"
"737",2016,"Bangladesh","NITROFURAN",1,"NITROFURAN"
"738",2016,"Bangladesh","SALMONELLA",12,"SALMONELLA"
"739",2016,"China","NITROFURAN",1,"NITROFURAN"
"740",2016,"China","VETDRUGRES",11,"VET. DRUGS"
"741",2016,"Ecuador","FILTHY",2,"FILTHY"
"742",2016,"Ghana","FILTHY",1,"FILTHY"
"743",2016,"Ghana","LABELING",1,"OTHER"
"744",2016,"Ghana","LACKS FIRM",1,"OTHER"
"745",2016,"Ghana","LACKS N/C",1,"OTHER"
"746",2016,"Ghana","LIST INGRE",1,"OTHER"
"747",2016,"Guyana","FILTHY",2,"FILTHY"
"748",2016,"Guyana","LACKS FIRM",1,"OTHER"
"749",2016,"Guyana","NUTRIT LBL",1,"OTHER"
"750",2016,"Guyana","USUAL NAME",1,"OTHER"
"751",2016,"Hong Kong","UNSAFE ADD",1,"OTHER"
"752",2016,"India","FILTHY",9,"FILTHY"
"753",2016,"India","NITROFURAN",26,"NITROFURAN"
"754",2016,"India","NO PROCESS",1,"OTHER"
"755",2016,"India","NUTRIT LBL",1,"OTHER"
"756",2016,"India","SALMONELLA",24,"SALMONELLA"
"757",2016,"India","VETDRUGRES",91,"VET. DRUGS"
"758",2016,"Indonesia","FILTHY",3,"FILTHY"
"759",2016,"Indonesia","SALMONELLA",6,"SALMONELLA"
"760",2016,"Malaysia","LACKS FIRM",1,"OTHER"
"761",2016,"Malaysia","NITROFURAN",2,"NITROFURAN"
"762",2016,"Malaysia","VETDRUGRES",2,"VET. DRUGS"
"763",2016,"Mexico","COLOR LBLG",1,"OTHER"
"764",2016,"Mexico","NITROFURAN",1,"NITROFURAN"
"765",2016,"Mexico","NO ENGLISH",2,"OTHER"
"766",2016,"Mexico","SALMONELLA",1,"SALMONELLA"
"767",2016,"Mexico","UNSAFE COL",2,"OTHER"
"768",2016,"Mexico","VETDRUGRES",1,"VET. DRUGS"
"769",2016,"Panama","FILTHY",1,"FILTHY"
"770",2016,"Philippines","FILTHY",1,"FILTHY"
"771",2016,"Philippines","NEEDS FCE",1,"OTHER"
"772",2016,"Philippines","NO PROCESS",1,"OTHER"
"773",2016,"Philippines","TRANSFAT",1,"OTHER"
"774",2016,"Thailand","FILTHY",6,"FILTHY"
"775",2016,"Thailand","MFRHACCP",1,"OTHER"
"776",2016,"Thailand","NITROFURAN",1,"NITROFURAN"
"777",2016,"Thailand","SALMONELLA",7,"SALMONELLA"
"778",2016,"Thailand","VETDRUGRES",1,"VET. DRUGS"
"779",2016,"Venezuela","SALMONELLA",7,"SALMONELLA"
"780",2016,"Vietnam","CHLORAMP",9,"OTHER"
"781",2016,"Vietnam","FILTHY",3,"FILTHY"
"782",2016,"Vietnam","POISONOUS",4,"OTHER"
"783",2016,"Vietnam","SALMONELLA",30,"SALMONELLA"
"784",2016,"Vietnam","VETDRUGRES",9,"VET. DRUGS"
"785",2017,"Argentina","FILTHY",3,"FILTHY"
"786",2017,"Bangladesh","FILTHY",13,"FILTHY"
"787",2017,"Bangladesh","SALMONELLA",2,"SALMONELLA"
"788",2017,"Bangladesh","USUAL NAME",1,"OTHER"
"789",2017,"Brunei","SALMONELLA",1,"SALMONELLA"
"790",2017,"Canada","USUAL NAME",1,"OTHER"
"791",2017,"China","NITROFURAN",1,"NITROFURAN"
"792",2017,"China","UNSAFE ADD",12,"OTHER"
"793",2017,"China","VETDRUGRES",7,"VET. DRUGS"
"794",2017,"Ecuador","FILTHY",3,"FILTHY"
"795",2017,"Ecuador","INSANITARY",2,"OTHER"
"796",2017,"Ecuador","SALMONELLA",1,"SALMONELLA"
"797",2017,"Hong Kong","UNSAFE ADD",3,"OTHER"
"798",2017,"Hong Kong","VETDRUGRES",3,"VET. DRUGS"
"799",2017,"India","FILTHY",7,"FILTHY"
"800",2017,"India","NITROFURAN",1,"NITROFURAN"
"801",2017,"India","SALMONELLA",16,"SALMONELLA"
"802",2017,"India","VETDRUGRES",12,"VET. DRUGS"
"803",2017,"Indonesia","FILTHY",14,"FILTHY"
"804",2017,"Indonesia","SALMONELLA",26,"SALMONELLA"
"805",2017,"Malaysia","VETDRUGRES",1,"VET. DRUGS"
"806",2017,"Myanmar","VETDRUGRES",1,"VET. DRUGS"
"807",2017,"Philippines","FILTHY",1,"FILTHY"
"808",2017,"Thailand","FILTHY",3,"FILTHY"
"809",2017,"Thailand","NITROFURAN",4,"NITROFURAN"
"810",2017,"Thailand","VETDRUGRES",5,"VET. DRUGS"
"811",2017,"Venezuela","VETDRUGRES",1,"VET. DRUGS"
"812",2017,"Vietnam","CHLORAMP",7,"OTHER"
"813",2017,"Vietnam","FILTH",1,"OTHER"
"814",2017,"Vietnam","FILTHY",1,"FILTHY"
"815",2017,"Vietnam","INSANITARY",1,"OTHER"
"816",2017,"Vietnam","MFRHACCP",5,"OTHER"
"817",2017,"Vietnam","NO ENGLISH",6,"OTHER"
"818",2017,"Vietnam","POISONOUS",3,"OTHER"
"819",2017,"Vietnam","SALMONELLA",5,"SALMONELLA"
"820",2017,"Vietnam","UNSAFE ADD",1,"OTHER"
"821",2017,"Vietnam","VETDRUGRES",12,"VET. DRUGS"
"822",2018,"Bangladesh","FILTHY",2,"FILTHY"
"823",2018,"Bangladesh","SALMONELLA",2,"SALMONELLA"
"824",2018,"Canada","NITROFURAN",1,"NITROFURAN"
"825",2018,"China","UNSAFE ADD",7,"OTHER"
"826",2018,"China","VETDRUGRES",9,"VET. DRUGS"
"827",2018,"Guyana","FILTHY",2,"FILTHY"
"828",2018,"Guyana","INCONSPICU",1,"OTHER"
"829",2018,"Guyana","LABELING",1,"OTHER"
"830",2018,"Guyana","LIST INGRE",1,"OTHER"
"831",2018,"Guyana","STD FILL",1,"OTHER"
"832",2018,"Guyana","STD IDENT",1,"OTHER"
"833",2018,"Guyana","STD NAME",1,"OTHER"
"834",2018,"Hong Kong","VETDRUGRES",1,"VET. DRUGS"
"835",2018,"India","CHLORAMP",1,"OTHER"
"836",2018,"India","FILTHY",15,"FILTHY"
"837",2018,"India","NEEDS FCE",1,"OTHER"
"838",2018,"India","NITROFURAN",5,"NITROFURAN"
"839",2018,"India","NO PROCESS",1,"OTHER"
"840",2018,"India","NUTRIT LBL",1,"OTHER"
"841",2018,"India","POISONOUS",1,"OTHER"
"842",2018,"India","SALMONELLA",55,"SALMONELLA"
"843",2018,"India","VETDRUGRES",9,"VET. DRUGS"
"844",2018,"Indonesia","NITROFURAN",1,"NITROFURAN"
"845",2018,"Indonesia","SALMONELLA",1,"SALMONELLA"
"846",2018,"Indonesia","VETDRUGRES",1,"VET. DRUGS"
"847",2018,"Malaysia","UNSAFE ADD",1,"OTHER"
"848",2018,"Malaysia","VETDRUGRES",1,"VET. DRUGS"
"849",2018,"Mexico","FILTHY",2,"FILTHY"
"850",2018,"Mexico","LACKS N/C",2,"OTHER"
"851",2018,"Mexico","SALMONELLA",1,"SALMONELLA"
"852",2018,"Mexico","VETDRUGRES",1,"VET. DRUGS"
"853",2018,"Myanmar","MFR INSAN",3,"OTHER"
"854",2018,"Philippines","FILTHY",1,"FILTHY"
"855",2018,"Thailand","FILTHY",4,"FILTHY"
"856",2018,"Thailand","LABELING",1,"OTHER"
"857",2018,"Thailand","SALMONELLA",3,"SALMONELLA"
"858",2018,"Thailand","USUAL NAME",1,"OTHER"
"859",2018,"United Arab Emirates","NITROFURAN",2,"NITROFURAN"
"860",2018,"United Arab Emirates","VETDRUGRES",2,"VET. DRUGS"
